<?xml version="1.0" encoding="UTF-8"?>
<rss version="2.0" xmlns:atom="http://www.w3.org/2005/Atom">
  <channel>
    <title>SURAJ SHARMA / スラージ・シャルマ</title>
    <description></description>
    <link>http://localhost:4000/</link>
    <atom:link href="http://localhost:4000/feed.xml" rel="self" type="application/rss+xml"/>
    <pubDate>Sun, 28 May 2023 03:05:38 +0530</pubDate>
    <lastBuildDate>Sun, 28 May 2023 03:05:38 +0530</lastBuildDate>
    <generator>Jekyll v3.6.3</generator>
    
  </channel>
</rss>
